{
    "loss": 1.0692226886749268,
    "accuracy": 0.8879310488700867
}